Funcionalidad Metaverso,AplicaciÃ³n Financiera,Experiencia,InteracciÃ³n,ROI,Estado
MUNDOS VIRTUALES,,,,,,
Oficina Virtual,ReuniÃ³n financiera,Presencia virtual,Avatares,400%,âœ… Activo
Banco Virtual,Transacciones inmersivas,Experiencia 3D,Gestos,500%,ğŸ”„ Desarrollo
Mercado Virtual,Trading inmersivo,VisualizaciÃ³n 3D,ManipulaciÃ³n,600%,ğŸ”„ Desarrollo
Ciudad Financiera,PlanificaciÃ³n urbana,SimulaciÃ³n 3D,NavegaciÃ³n,700%,ğŸ”„ Desarrollo
,,,,,,
ECONOMÃA VIRTUAL,,,,,,
NFTs Financieros,Activos digitales,Propiedad virtual,Blockchain,800%,âœ… Activo
Criptomonedas Virtuales,Moneda virtual,Transacciones 3D,Smart contracts,600%,âœ… Activo
Tokens de Utilidad,Acceso a servicios,Funcionalidad virtual,DeFi,500%,âœ… Activo
Tierras Virtuales,Propiedad digital,InversiÃ³n inmobiliaria,Metaverse,900%,âœ… Activo
,,,,,,
AVATARES Y IDENTIDAD,,,,,,
Avatar Financiero,RepresentaciÃ³n virtual,Identidad digital,PersonalizaciÃ³n,300%,âœ… Activo
Identidad Digital,VerificaciÃ³n virtual,KYC virtual,BiometrÃ­a,400%,âœ… Activo
ReputaciÃ³n Virtual,Historial financiero,Confianza virtual,Blockchain,350%,âœ… Activo
PersonalizaciÃ³n,Apariencia virtual,Experiencia Ãºnica,CustomizaciÃ³n,250%,âœ… Activo
,,,,,,
SOCIALIZACIÃ“N VIRTUAL,,,,,,
Redes Sociales Virtuales,Conectividad financiera,InteracciÃ³n 3D,ComunicaciÃ³n,400%,âœ… Activo
Eventos Virtuales,Conferencias financieras,Presencia virtual,ParticipaciÃ³n,500%,âœ… Activo
Comunidades Virtuales,Grupos de inversiÃ³n,ColaboraciÃ³n 3D,InteracciÃ³n,450%,âœ… Activo
MentorÃ­a Virtual,AsesorÃ­a financiera,EnseÃ±anza inmersiva,GuÃ­a,600%,ğŸ”„ Desarrollo
