Nivel de Transcendencia,Capacidad,Estado de Ser,ROI,Estado,ImplementaciÃ³n
TRANSCENDENCIA FÃSICA,,,,,,
Transcendencia Corporal,Superar limitaciones fÃ­sicas,Ser energÃ©tico,500%,ğŸ”„ Desarrollo,MeditaciÃ³n corporal
Transcendencia Sensorial,Superar sentidos,PercepciÃ³n directa,600%,ğŸ”„ Desarrollo,MeditaciÃ³n sensorial
Transcendencia Temporal,Superar tiempo,Ser atemporal,700%,ğŸ”„ Desarrollo,MeditaciÃ³n temporal
Transcendencia Espacial,Superar espacio,Ser omnipresente,800%,ğŸ”„ Desarrollo,MeditaciÃ³n espacial
,,,,,,
TRANSCENDENCIA MENTAL,,,,,,
Transcendencia del Ego,Superar ego,Ser desapegado,400%,âœ… Activo,MeditaciÃ³n del ego
Transcendencia del Miedo,Superar miedos,Ser valiente,350%,âœ… Activo,MeditaciÃ³n del miedo
Transcendencia del Deseo,Superar deseos,Ser satisfecho,450%,âœ… Activo,MeditaciÃ³n del deseo
Transcendencia del Pensamiento,Superar pensamiento,Ser consciente,500%,ğŸ”„ Desarrollo,MeditaciÃ³n pura
,,,,,,
TRANSCENDENCIA ESPIRITUAL,,,,,,
Transcendencia del Alma,Superar alma,Ser espÃ­ritu,600%,ğŸ”„ Desarrollo,MeditaciÃ³n del alma
Transcendencia del EspÃ­ritu,Superar espÃ­ritu,Ser divino,700%,ğŸ”„ Desarrollo,MeditaciÃ³n divina
Transcendencia de la Divinidad,Superar divinidad,Ser infinito,800%,ğŸ”„ Desarrollo,MeditaciÃ³n infinita
Transcendencia Total,Superar todo,Ser absoluto,1000%,ğŸ”„ Desarrollo,IluminaciÃ³n total
,,,,,,
APLICACIONES FINANCIERAS,,,,,,
Abundancia Transcendente,Manifestar sin esfuerzo,Abundancia natural,600%,âœ… Activo,MeditaciÃ³n de abundancia
Prosperidad Infinita,Atraer prosperidad,Prosperidad constante,700%,âœ… Activo,MeditaciÃ³n de prosperidad
Riqueza Divina,Acceder a riqueza,Riqueza infinita,800%,ğŸ”„ Desarrollo,MeditaciÃ³n de riqueza
Abundancia Absoluta,Ser abundancia,Abundancia total,1000%,ğŸ”„ Desarrollo,MeditaciÃ³n absoluta
