TÃ©cnica de ManipulaciÃ³n de Realidad,Capacidad,ManipulaciÃ³n %,ROI,Estado,ImplementaciÃ³n
MANIPULACIÃ“N DE REALIDAD,,,,,,
VisualizaciÃ³n Creativa,Manifestar visualizaciones,20%,200%,âœ… Activo,MeditaciÃ³n creativa
Afirmaciones Positivas,Programar subconsciente,30%,300%,âœ… Activo,RepeticiÃ³n diaria
Ley de AtracciÃ³n,Atraer abundancia,40%,400%,âœ… Activo,MeditaciÃ³n de atracciÃ³n
ManifestaciÃ³n Consciente,Crear realidad,50%,500%,ğŸ”„ Desarrollo,MeditaciÃ³n de manifestaciÃ³n
ManipulaciÃ³n CuÃ¡ntica,Alterar probabilidades,60%,600%,ğŸ”„ Desarrollo,MeditaciÃ³n cuÃ¡ntica
ManipulaciÃ³n Dimensional,Cambiar dimensiones,70%,700%,ğŸ”„ Desarrollo,MeditaciÃ³n dimensional
ManipulaciÃ³n Temporal,Controlar tiempo,80%,800%,ğŸ”„ Desarrollo,MeditaciÃ³n temporal
ManipulaciÃ³n Espacial,Controlar espacio,90%,900%,ğŸ”„ Desarrollo,MeditaciÃ³n espacial
ManipulaciÃ³n Mental,Controlar mentes,95%,950%,ğŸ”„ Desarrollo,MeditaciÃ³n mental
ManipulaciÃ³n EnergÃ©tica,Controlar energÃ­a,98%,980%,ğŸ”„ Desarrollo,MeditaciÃ³n energÃ©tica
ManipulaciÃ³n Absoluta,Controlar todo,100%,1000%,ğŸ”„ Desarrollo,IluminaciÃ³n total
