TecnologÃ­a NanotecnologÃ­a,AplicaciÃ³n Financiera,Beneficio,ImplementaciÃ³n,ROI,Estado
NANOMATERIALES,,,,,,
Grafeno,Circuitos ultra-rÃ¡pidos,1000x mÃ¡s rÃ¡pido,ProducciÃ³n industrial,800%,âœ… Activo
Nanotubos de Carbono,Transistores cuÃ¡nticos,100x mÃ¡s eficientes,FabricaciÃ³n,600%,ğŸ”„ Desarrollo
Puntos CuÃ¡nticos,Pantallas ultra-HD,10x mÃ¡s brillantes,Displays,400%,âœ… Activo
NanopartÃ­culas,Medicina personalizada,Tratamiento preciso,Medicina,500%,âœ… Activo
,,,,,,
NANOROBOTS,,,,,,
Nanobots MÃ©dicos,ReparaciÃ³n celular,Tratamiento molecular,InyecciÃ³n,900%,ğŸ”„ Desarrollo
Nanobots de ReparaciÃ³n,Mantenimiento automÃ¡tico,ReparaciÃ³n molecular,InyecciÃ³n,700%,ğŸ”„ Desarrollo
Nanobots de Limpieza,Limpieza molecular,DescontaminaciÃ³n,InyecciÃ³n,600%,ğŸ”„ Desarrollo
Nanobots de ConstrucciÃ³n,ConstrucciÃ³n molecular,Edificios inteligentes,InyecciÃ³n,800%,ğŸ”„ Desarrollo
,,,,,,
NANOSENSORES,,,,,,
Sensores de Salud,Monitoreo molecular,Salud preventiva,Implantables,600%,âœ… Activo
Sensores Ambientales,ContaminaciÃ³n molecular,ProtecciÃ³n ambiental,Distribuidos,500%,âœ… Activo
Sensores de Seguridad,DetecciÃ³n molecular,Seguridad total,Invisibles,700%,âœ… Activo
Sensores Financieros,Transacciones moleculares,Seguridad total,Invisibles,800%,ğŸ”„ Desarrollo
,,,,,,
NANOMEDICINA,,,,,,
Medicamentos Dirigidos,Tratamiento preciso,100% efectivo,InyecciÃ³n,900%,âœ… Activo
Terapia GÃ©nica,ReparaciÃ³n genÃ©tica,Cura total,InyecciÃ³n,1000%,ğŸ”„ Desarrollo
RegeneraciÃ³n Celular,Rejuvenecimiento,Inmortalidad,InyecciÃ³n,1200%,ğŸ”„ Desarrollo
PrevenciÃ³n Molecular,Enfermedades cero,Salud perfecta,InyecciÃ³n,800%,ğŸ”„ Desarrollo
